101,"CU 0100831","Sean"
102,"CU 0100054","Sean"
103,"CU 0100236","Sean"
104,"CU 0100848","Sean"
105,"CU 0100072","Sean"
106,"CU 0100653","Sean"
107,"CU 0100653","Sean"
108,"CU 0100813","Sean"
109,"CU 0100805","Sean"
110,"CU 0100063","Sean"
111,"CU 0100518","Sean"
112,"CU 0100753","Sean"
113,"CU 0100145","Sean"
114,"CU 0100689","Sean"
115,"CU 0100695","Sean"
116,"CU 0100861","Sean"
117,"CU 0100239","Sean"
118,"CU 0100719","Sean"
119,"CU 0100546","Sean"
120,"CU 0100428","Sean"
121,"CU 0100162","Sean"
122,"CU 0100292","Sean"
124,"CU 0100683","Sean"
125,"CU 0100683","Sean"
126,"CU 0100367","Sean"
127,"CU 0100171","Sean"
128,"CU 0100585","Sean"
129,"CU 0100585","Sean"
130,"CU 0100025","Sean"
131,"CU 0100025","Sean"
132,"CU 0100025","Sean"
133,"CU 0100025","Sean"
134,"CU 0100025","Sean"
135,"CU 0100434","Kevin"
136,"CU 0100434","Kevin"
137,"CU 0100806","Kevin"
138,"CU 0100841","Kevin"
139,"CU 0100532","Kevin"
140,"CU 0100293","Kevin"
141,"CU 0100409","Randy"
142,"CU 0100149","Randy"
143,"CU 0100073","Kevin"
144,"CU 0100549","Kevin"
145,"CU 0100549","Kevin"
146,"CU 0100713","Kevin"
147,"CU 0100713","Kevin"
148,"CU 0100713","Kevin"
149,"CU 0100713","Kevin"
150,"CU 0100713","Kevin"
151,"CU 0100759","Kevin"
152,"CU 0100759","Kevin"
153,"CU 0100759","Kevin"
154,"CU 0100759","Kevin"
155,"CU 0100759","Kevin"
156,"CU 0100091","Kevin"
157,"CU 0100490","Kevin"
158,"CU 0100426","Kevin"
159,"CU 0100089","Kevin"
160,"CU 0100089","Kevin"
161,"CU 0100089","Kevin"
162,"CU 0100089","Kevin"
163,"CU 0100089","Kevin"
164,"CU 0100089","Kevin"
165,"CU 0100519","Kevin"
166,"CU 0100757","Kevin"
167,"CU 0100757","Kevin"
168,"CU 0100108","Dan"
169,"CU 0100742","Dan"
170,"CU 0100048","Dan"
171,"CU 0100153","Dan"
172,"CU 0100400","Dan"
173,"CU 0100639","Dan"
174,"CU 0100237","Dan"
175,"CU 0100500","Dan"
176,"CU 0100127","Dan"
177,"CU 0100412","Dan"
178,"CU 0100505","Dan"
179,"CU 0100851","Dan"
180,"CU 0100852","Dan"
181,"CU 0100764","Dan"
182,"CU 0100833","Dan"
183,"CU 0100485","Dan"
184,"CU 0100398","Dan"
185,"CU 0100513","Dan"
186,"CU 0100586","Dan"
187,"CU 0100470","Dan"
188,"CU 0100703","Dan"
189,"CU 0100084","Dan"
190,"CU 0100084","Dan"
191,"CU 0100590","Dan"
192,"CU 0100499","Dan"
193,"CU 0100656","Dan"
194,"CU 0100024","Dan"
195,"CU 0100062","Dan"
196,"CU 0100766","Dan"
197,"CU 0100766","Dan"
199,"CU 0100268","Dan"
201,"CU 0100231","Travis"
202,"CU 0100502","Travis"
203,"CU 0100194","Travis"
204,"CU 0100187","Travis"
205,"CU 0100187","Travis"
206,"CU 0100594","Travis"
207,"CU 0100537","Travis"
208,"CU 0100779","Travis"
210,"CU 0100198","Travis"
211,"CU 0100802","Travis"
212,"CU 0100035","Travis"
213,"CU 0100080","Travis"
214,"CU 0100160","Travis"
215,"CU 0100469","Travis"
216,"CU 0100120","Travis"
218,"CU 0100326","Travis"
219,"CU 0100302","Travis"
220,"CU 0100430","Travis"
221,"CU 0100591","Travis"
222,"CU 0100185","Travis"
223,"CU 0100102","Travis"
224,"CU 0100462","Travis"
225,"CU 0100354","Travis"
226,"CU 0100407","Travis"
227,"CU 0100019","Travis"
228,"CU 0100354","Travis"
229,"CU 0100772","Travis"
230,"CU 0100427","Travis"
231,"CU 0100224","Travis"
232,"CU 0100439","Travis"
233,"CU 0100265","Travis"
234,"CU 0100086","Travis"
235,"CU 0100227","Randy"
236,"CU 0100261","Randy"
237,"CU 0100261","Randy"
238,"CU 0100261","Randy"
239,"CU 0100631","Randy"
240,"CU 0100834","Randy"
241,"CU 0100568","Randy"
242,"CU 0100650","Randy"
243,"CU 0100016","Randy"
244,"CU 0100651","Randy"
245,"CU 0100387","Randy"
246,"CU 0100387","Randy"
247,"CU 0100133","Randy"
248,"CU 0100477","Randy"
249,"CU 0100542","Randy"
250,"CU 0100038","Randy"
251,"CU 0100825","Randy"
252,"CU 0100825","Randy"
253,"CU 0100607","Randy"
254,"CU 0100363","Randy"
255,"CU 0100767","Randy"
256,"CU 0100767","Randy"
258,"CU 0100796","Randy"
259,"CU 0100017","Randy"
260,"CU 0100755","Randy"
261,"CU 0100225","Randy"
262,"CU 0100027","Randy"
263,"CU 0100060","Randy"
264,"CU 0100215","Randy"
265,"CU 0100156","Randy"
266,"CU 0100156","Randy"
267,"CU 0100548","Randy"
268,"CU 0100706","Nate"
269,"CU 0100837","Nate"
270,"CU 0100126","Nate"
271,"CU 0100161","Nate"
272,"CU 0100335","Nate"
273,"CU 0100803","Nate"
274,"CU 0100116","Nate"
275,"CU 0100449","Nate"
276,"CU 0100549","Nate"
277,"CU 0100549","Nate"
278,"CU 0100549","Nate"
279,"CU 0100838","Nate"
280,"CU 0100487","Nate"
281,"CU 0100303","Nate"
282,"CU 0100560","Nate"
283,"CU 0100560","Nate"
284,"CU 0100511","Nate"
285,"CU 0100515","Nate"
286,"CU 0100515","Nate"
287,"CU 0100015","Nate"
288,"CU 0100015","Nate"
289,"CU 0100234","Nate"
290,"CU 0100681","Nate"
291,"CU 0100417","Nate"
292,"CU 0100105","Nate"
293,"CU 0100732","Nate"
294,"CU 0100539","Nate"
295,"CU 0100809","Nate"
296,"CU 0100406","Nate"
297,"CU 0100657","Nate"
298,"CU 0100390","Nate"
299,"CU 0100390","Nate"
300,"CU 0100069","Nate"
301,"CU 0100534","Sean"
302,"CU 0100331","Sean"
303,"CU 0100814","Sean"
304,"CU 0100203","Sean"
305,"CU 0100203","Sean"
306,"CU 0100687","Sean"
307,"CU 0100661","Sean"
308,"CU 0100167","Sean"
309,"CU 0100057","Sean"
310,"CU 0100818","Sean"
311,"CU 0100459","Sean"
312,"CU 0100572","Sean"
313,"CU 0100437","Sean"
314,"CU 0100630","Sean"
315,"CU 0100138","Sean"
316,"CU 0100217","Sean"
317,"CU 0100662","Sean"
318,"CU 0100632","Sean"
319,"CU 0100776","Sean"
320,"CU 0100708","Sean"
321,"CU 0100013","Sean"
322,"CU 0100639","Sean"
323,"CU 0100492","Sean"
324,"CU 0100855","Sean"
325,"CU 0100071","Sean"
326,"CU 0100524","Sean"
327,"CU 0100384","Sean"
328,"CU 0100435","Sean"
329,"CU 0100181","Sean"
330,"CU 0100440","Sean"
331,"CU 0100030","Travis"
332,"CU 0100030","Travis"
333,"CU 0100030","Travis"
334,"CU 0100374","Travis"
335,"CU 0100090","Travis"
336,"CU 0100055","Travis"
337,"CU 0100481","Travis"
338,"CU 0100453","Travis"
339,"CU 0100642","Travis"
340,"CU 0100193","Travis"
341,"CU 0100843","Travis"
342,"CU 0100491","Travis"
343,"CU 0100593","Travis"
344,"CU 0100332","Travis"
345,"CU 0100139","Travis"
346,"CU 0100399","Travis"
347,"CU 0100122","Travis"
348,"CU 0100079","Travis"
349,"CU 0100474","Travis"
351,"CU 0100151","Travis"
352,"CU 0100621","Travis"
353,"CU 0100621","Travis"
354,"CU 0100315","Travis"
355,"CU 0100415","Travis"
356,"CU 0100415","Travis"
357,"CU 0100786","Travis"
358,"CU 0100533","Travis"
359,"CU 0100483","Travis"
360,"CU 0100249","Travis"
361,"CU 0100570","Travis"
362,"CU 0100862","Travis"
363,"CU 0100693","Randy"
364,"CU 0100067","Randy"
366,"CU 0100382","Randy"
367,"CU 0100375","Randy"
368,"CU 0100066","Randy"
369,"CU 0100014","Randy"
370,"CU 0100339","Randy"
371,"CU 0100196","Randy"
372,"CU 0100196","Randy"
373,"CU 0100658","Randy"
374,"CU 0100795","Randy"
375,"CU 0100261","Randy"
376,"CU 0100261","Randy"
377,"CU 0100315","Randy"
378,"CU 0100645","Randy"
379,"CU 0100580","Randy"
380,"CU 0100575","Randy"
381,"CU 0100284","Randy"
382,"CU 0100597","Randy"
383,"CU 0100560","Randy"
384,"CU 0100560","Randy"
385,"CU 0100711","Randy"
386,"CU 0100848","Randy"
387,"CU 0100848","Randy"
388,"CU 0100848","Randy"
389,"CU 0100848","Randy"
390,"CU 0100352","Randy"
391,"CU 0100184","Randy"
392,"CU 0100254","Randy"
393,"CU 0100254","Randy"
394,"CU 0100460","Travis"
395,"CU 0100509","Travis"
396,"CU 0100357","Travis"
397,"CU 0100068","Travis"
398,"CU 0100124","Travis"
399,"CU 0100560","Travis"
400,"CU 0100128","Travis"
401,"CU 0100466","Travis"
402,"CU 0100672","Travis"
403,"CU 0100056","Travis"
404,"CU 0100668","Travis"
405,"CU 0100718","Travis"
406,"CU 0100718","Travis"
407,"CU 0100347","Travis"
408,"CU 0100807","Travis"
409,"CU 0100749","Dan"
410,"CU 0100849","Dan"
411,"CU 0100368","Dan"
412,"CU 0100279","Dan"
413,"CU 0100179","Dan"
414,"CU 0100589","Dan"
415,"CU 0100623","Dan"
416,"CU 0100333","Dan"
417,"CU 0100604","Dan"
418,"CU 0100624","Dan"
419,"CU 0100026","Dan"
420,"CU 0100026","Dan"
421,"CU 0100744","Dan"
422,"CU 0100712","Dan"
423,"CU 0100168","Dan"
424,"CU 0100431","Nate"
425,"CU 0100696","Nate"
426,"CU 0100725","Nate"
427,"CU 0100146","Nate"
428,"CU 0100646","Nate"
429,"CU 0100405","Nate"
430,"CU 0100034","Nate"
431,"CU 0100270","Nate"
432,"CU 0100270","Nate"
433,"CU 0100270","Nate"
434,"CU 0100270","Nate"
435,"CU 0100008","Nate"
436,"CU 0100448","Nate"
437,"CU 0100318","Nate"
438,"CU 0100608","Nate"
439,"CU 0100486","Nate"
440,"CU 0100135","Nate"
441,"CU 0100740","Nate"
442,"CU 0100551","Nate"
443,"CU 0100747","Nate"
444,"CU 0100201","Nate"
445,"CU 0100640","Nate"
446,"CU 0100700","Nate"
447,"CU 0100700","Nate"
448,"CU 0100700","Nate"
449,"CU 0100700","Nate"
450,"CU 0100700","Nate"
451,"CU 0100286","Nate"
452,"CU 0100835","Nate"
453,"CU 0100777","Nate"
454,"CU 0100525","Nate"
455,"CU 0100044","Nate"
457,"CU 0100031","Nate"
458,"CU 0100601","Nate"
459,"CU 0100816","Nate"
460,"CU 0100099","Nate"
461,"CU 0100110","Nate"
462,"CU 0100619","Nate"
463,"CU 0100393","Dan"
464,"CU 0100393","Dan"
465,"CU 0100176","Dan"
466,"CU 0100371","Dan"
467,"CU 0100371","Dan"
468,"CU 0100059","Dan"
469,"CU 0100480","Dan"
470,"CU 0100267","Dan"
471,"CU 0100074","Dan"
472,"CU 0100355","Dan"
473,"CU 0100033","Dan"
474,"CU 0100327","Dan"
475,"CU 0100154","Dan"
476,"CU 0100253","Dan"
477,"CU 0100441","Dan"
478,"CU 0100022","Dan"
479,"CU 0100378","Dan"
480,"CU 0100600","Dan"
481,"CU 0100571","Dan"
482,"CU 0100571","Dan"
483,"CU 0100571","Dan"
484,"CU 0100571","Dan"
485,"CU 0100571","Dan"
486,"CU 0100281","Dan"
487,"CU 0100257","Dan"
488,"CU 0100447","Dan"
489,"CU 0100521","Dan"
490,"CU 0100338","Dan"
491,"CU 0100338","Dan"
492,"CU 0100338","Dan"
493,"CU 0100611","Dan"
494,"CU 0100611","Dan"
495,"CU 0100050","Dan"
496,"CU 0100050","Dan"
497,"CU 0100050","Dan"
498,"CU 0100170","Dan"
499,"CU 0100457","Dan"
500,"CU 0100173","Dan"
501,"CU 0100290","Travis"
502,"CU 0100505","Travis"
503,"CU 0100505","Travis"
504,"CU 0100505","Travis"
505,"CU 0100523","Travis"
506,"CU 0100709","Travis"
507,"CU 0100671","Travis"
508,"CU 0100563","Travis"
509,"CU 0100250","Travis"
510,"CU 0101813","Travis"
511,"CU 0100053","Travis"
512,"CU 0100298","Travis"
513,"CU 0100559","Travis"
514,"CU 0100119","Travis"
515,"CU 0100771","Travis"
516,"CU 0100799","Travis"
517,"CU 0100228","Travis"
518,"CU 0100464","Travis"
519,"CU 0100263","Travis"
520,"CU 0100104","Travis"
521,"CU 0100283","Travis"
522,"CU 0100199","Travis"
523,"CU 0100785","Travis"
524,"CU 0100144","Travis"
525,"CU 0100787","Travis"
526,"CU 0100334","Travis"
527,"CU 0100545","Travis"
528,"CU 0100039","Travis"
529,"CU 0100613","Travis"
530,"CU 0100613","Travis"
531,"CU 0100556","Travis"
532,"CU 0100556","Travis"
533,"CU 0100314","Travis"
534,"CU 0100610","Travis"
535,"CU 0100259","Travis"
536,"CU 0100259","Travis"
537,"CU 0100077","Travis"
539,"CU 0100121","Travis"
540,"CU 0100045","Travis"
541,"CU 0100541","Travis"
542,"CU 0100832","Travis"
543,"CU 0100274","Randy"
545,"CU 0100840","Randy"
546,"CU 0100840","Randy"
547,"CU 0100840","Randy"
548,"CU 0100840","Randy"
549,"CU 0100840","Randy"
550,"CU 0100840","Randy"
551,"CU 0100697","Randy"
552,"CU 0100036","Randy"
553,"CU 0100114","Randy"
554,"CU 0100205","Randy"
555,"CU 0100205","Randy"
556,"CU 0100166","Randy"
557,"CU 0100530","Randy"
558,"CU 0100364","Randy"
559,"CU 0100364","Randy"
560,"CU 0100364","Randy"
561,"CU 0100164","Randy"
562,"CU 0100750","Randy"
563,"CU 0100310","Randy"
564,"CU 0100397","Randy"
565,"CU 0100397","Randy"
566,"CU 0100800","Randy"
567,"CU 0100503","Randy"
568,"CU 0100638","Randy"
569,"CU 0100049","Randy"
570,"CU 0100049","Randy"
571,"CU 0100415","Randy"
572,"CU 0100415","Randy"
573,"CU 0100423","Randy"
574,"CU 0100453","Randy"
575,"CU 0100706","Randy"
576,"CU 0100706","Randy"
577,"CU 0100706","Randy"
578,"CU 0100706","Randy"
579,"CU 0100508","Randy"
580,"CU 0100418","Randy"
581,"CU 0100463","Randy"
582,"CU 0100664","Randy"
583,"CU 0100276","Randy"
584,"CU 0100724","Nate"
585,"CU 0100041","Nate"
586,"CU 0100041","Nate"
587,"CU 0100041","Nate"
588,"CU 0100041","Nate"
589,"CU 0100041","Nate"
590,"CU 0100040","Nate"
591,"CU 0100174","Nate"
592,"CU 0100555","Nate"
593,"CU 0100555","Nate"
594,"CU 0100775","Nate"
595,"CU 0100826","Nate"
596,"CU 0100576","Nate"
597,"CU 0100576","Nate"
598,"CU 0100148","Nate"
599,"CU 0100113","Nate"
600,"CU 0100482","Nate"
601,"CU 0100285","Nate"
602,"CU 0100794","Nate"
603,"CU 0100247","Nate"
604,"CU 0100192","Nate"
605,"CU 0100192","Nate"
606,"CU 0100599","Nate"
607,"CU 0100226","Nate"
608,"CU 0100343","Nate"
609,"CU 0100504","Nate"
610,"CU 0100622","Nate"
612,"CU 0100577","Nate"
613,"CU 0100436","Nate"
614,"CU 0100810","Nate"
615,"CU 0100248","Nate"
616,"CU 0100616","Nate"
617,"CU 0100690","Nate"
618,"CU 0100206","Nate"
619,"CU 0100206","Nate"
620,"CU 0100275","Nate"
621,"CU 0100815","Nate"
622,"CU 0100678","Nate"
623,"CU 0100158","Nate"
624,"CU 0100735","Nate"
625,"CU 0100383","Randy"
626,"CU 0100727","Randy"
627,"CU 0100603","Randy"
628,"CU 0100380","Randy"
629,"CU 0100329","Dan"
630,"CU 0100320","Dan"
631,"CU 0100636","Dan"
632,"CU 0100010","Dan"
633,"CU 0100032","Dan"
634,"CU 0100860","Dan"
635,"CU 0100472","Dan"
636,"CU 0100489","Dan"
637,"CU 0100478","Dan"
638,"CU 0100856","Dan"
639,"CU 0100820","Dan"
640,"CU 0100789","Dan"
641,"CU 0100652","Dan"
642,"CU 0100652","Dan"
643,"CU 0100679","Dan"
644,"CU 0100710","Dan"
645,"CU 0100578","Dan"
646,"CU 0100250","Dan"
647,"CU 0100518","Dan"
648,"CU 0100195","Dan"
649,"CU 0100312","Dan"
650,"CU 0100471","Dan"
651,"CU 0100473","Dan"
652,"CU 0100670","Dan"
653,"CU 0100078","Dan"
654,"CU 0100348","Dan"
655,"CU 0100705","Dan"
656,"CU 0100123","Dan"
657,"CU 0100634","Dan"
658,"CU 0100305","Dan"
659,"CU 0100129","Dan"
660,"CU 0100346","Dan"
661,"CU 0100037","Dan"
662,"CU 0100649","Dan"
663,"CU 0100680","Dan"
664,"CU 0100827","Dan"
665,"CU 0100774","Dan"
666,"CU 0100360","Dan"
667,"CU 0100264","Dan"
668,"CU 0100754","Dan"
669,"CU 0100618","Dan"
670,"CU 0100262","Dan"
671,"CU 0100765","Nate"
672,"CU 0100765","Nate"
673,"CU 0100455","Nate"
674,"CU 0100159","Nate"
675,"CU 0100625","Nate"
676,"CU 0100582","Nate"
677,"CU 0100714","Nate"
678,"CU 0100051","Nate"
679,"CU 0100628","Nate"
681,"CU 0100552","Nate"
682,"CU 0100420","Randy"
683,"CU 0100420","Randy"
684,"CU 0100396","Randy"
685,"CU 0100229","Randy"
686,"CU 0100633","Randy"
687,"CU 0100633","Randy"
688,"CU 0100819","Randy"
689,"CU 0100359","Randy"
690,"CU 0100042","Randy"
691,"CU 0100190","Randy"
692,"CU 0100781","Randy"
693,"CU 0100603","Randy"
694,"CU 0100741","Randy"
695,"CU 0100208","Randy"
696,"CU 0100394","Brian"
697,"CU 0100394","Brian"
698,"CU 0100746","Brian"
699,"CU 0100561","Brian"
700,"CU 0100782","Brian"
701,"CU 0100310","Brian"
702,"CU 0100345","Brian"
703,"CU 0100046","Brian"
704,"CU 0100197","Travis"
705,"CU 0100028","Travis"
706,"CU 0100324","Travis"
707,"CU 0100009","Travis"
708,"CU 0100388","Travis"
709,"CU 0100040","Nate"
710,"CU 0100088","Nate"
711,"CU 0100514","Nate"
712,"CU 0100377","Nate"
713,"CU 0100465","Nate"
714,"CU 0100260","Nate"
715,"CU 0100444","Nate"
716,"CU 0100788","Randy"
717,"CU 0100788","Randy"
718,"CU 0100501","Randy"
719,"CU 0100207","Randy"
720,"CU 0100784","Randy"
721,"CU 0100784","Randy"
722,"CU 0100058","Dan"
725,"CU 0100223","Dan"
726,"CU 0100620","Travis"
727,"CU 0100836","Travis"
728,"CU 0100531","Travis"
729,"CU 0100839","Travis"
730,"CU 0100258","Travis"
731,"CU 0100655","Nate"
732,"CU 0100075","Nate"
733,"CU 0100808","Nate"
734,"CU 0100553","Nate"
735,"CU 0100821","Nate"
736,"CU 0100011","Nate"
737,"CU 0100011","Nate"
738,"CU 0100484","Randy"
739,"CU 0100280","Randy"
740,"CU 0100729","Randy"
741,"CU 0100845","Randy"
742,"CU 0100476","Randy"
743,"CU 0100118","Randy"
744,"CU 0100443","Dan"
745,"CU 0100797","Dan"
746,"CU 0100308","Dan"
747,"CU 0100745","Dan"
748,"CU 0100760","Dan"
749,"CU 0100538","Dan"
750,"CU 0100615","Dan"
751,"CU 0100574","Travis"
752,"CU 0100804","Travis"
753,"CU 0100322","Travis"
754,"CU 0100830","Travis"
755,"CU 0100180","Travis"
756,"CU 0100547","Travis"
757,"CU 0100517","Travis"
758,"CU 0100798","Travis"
759,"CU 0100452","Travis"
760,"CU 0100351","Travis"
761,"CU 0100152","Travis"
762,"CU 0100344","Travis"
763,"CU 0100243","Travis"
764,"CU 0100210","Travis"
765,"CU 0100296","Travis"
766,"CU 0100296","Travis"
767,"CU 0100131","Travis"
768,"CU 0100458","Travis"
769,"CU 0100506","Travis"
770,"CU 0100189","Travis"
771,"CU 0100858","Travis"
772,"CU 0100858","Travis"
773,"CU 0100047","Travis"
774,"CU 0100214","Travis"
775,"CU 0100323","Travis"
776,"CU 0100488","Travis"
777,"CU 0100531","Travis"
778,"CU 0100107","Travis"
779,"CU 0100107","Travis"
780,"CU 0100136","Dan"
781,"CU 0100136","Dan"
782,"CU 0100115","Dan"
783,"CU 0100115","Dan"
784,"CU 0100065","Travis"
785,"CU 0100758","Travis"
786,"CU 0100309","Travis"
787,"CU 0100309","Travis"
788,"CU 0100336","Travis"
789,"CU 0100336","Randy"
790,"CU 0100627","Randy"
791,"CU 0100361","Randy"
792,"CU 0100823","Randy"
793,"CU 0100232","Randy"
794,"CU 0100733","Randy"
795,"CU 0100592","Randy"
796,"CU 0100425","Randy"
797,"CU 0100648","Randy"
798,"CU 0100191","Randy"
799,"CU 0100191","Randy"
800,"CU 0100191","Randy"
801,"CU 0100218","Randy"
802,"CU 0100064","Randy"
803,"CU 0100064","Randy"
804,"CU 0100291","Randy"
805,"CU 0100211","Randy"
806,"CU 0100792","Randy"
807,"CU 0100792","Randy"
808,"CU 0100792","Randy"
809,"CU 0100792","Randy"
810,"CU 0100792","Randy"
811,"CU 0100498","Randy"
812,"CU 0100100","Randy"
813,"CU 0100451","Randy"
814,"CU 0100602","Randy"
814,"CU 0100209","Randy"
815,"CU 0100659","Randy"
816,"CU 0100129","Randy"
817,"CU 0100376","Randy"
818,"CU 0100287","Randy"
819,"CU 0100467","Randy"
820,"CU 0100082","Randy"
821,"CU 0100564","Randy"
822,"CU 0100564","Randy"
823,"CU 0100446","Randy"
824,"CU 0100255","Randy"
825,"CU 0100255","Randy"
826,"CU 0100255","Randy"
827,"CU 0100255","Randy"
828,"CU 0100255","Randy"
829,"CU 0100569","Nate"
830,"CU 0100311","Nate"
831,"CU 0100817","Nate"
832,"CU 0100216","Nate"
833,"CU 0100720","Nate"
834,"CU 0100645","Nate"
835,"CU 0100715","Nate"
836,"CU 0100410","Nate"
837,"CU 0100061","Nate"
838,"CU 0100748","Nate"
839,"CU 0100109","Nate"
840,"CU 0100419","Nate"
841,"CU 0100342","Nate"
842,"CU 0100235","Nate"
843,"CU 0100773","Nate"
844,"CU 0100528","Nate"
845,"CU 0100847","Nate"
846,"CU 0100150","Nate"
847,"CU 0100796","Nate"
848,"CU 0100801","Nate"
849,"CU 0100052","Nate"
850,"CU 0100717","Nate"
851,"CU 0100474","Nate"
852,"CU 0100474","Nate"
853,"CU 0100070","Nate"
854,"CU 0100295","Nate"
854,"CU 0100602","Nate"
855,"CU 0100598","Nate"
856,"CU 0100023","Nate"
857,"CU 0100644","Nate"
858,"CU 0100737","Nate"
859,"CU 0100021","Nate"
860,"CU 0100674","Nate"
861,"CU 0100694","Nate"
862,"CU 0100421","Nate"
863,"CU 0100730","Nate"
864,"CU 0100639","Nate"
865,"CU 0100143","Nate"
866,"CU 0100675","Nate"
867,"CU 0100085","Nate"
868,"CU 0100454","Dan"
869,"CU 0100454","Dan"
870,"CU 0100454","Dan"
871,"CU 0100454","Dan"
872,"CU 0100802","Travis"
873,"CU 0100802","Travis"
874,"CU 0100802","Travis"
875,"CU 0100802","Travis"
876,"CU 0100761","Dan"
877,"CU 0100726","Dan"
878,"CU 0100857","Dan"
879,"CU 0100654","Dan"
880,"CU 0100626","Dan"
881,"CU 0100522","Dan"
882,"CU 0100752","Dan"
883,"CU 0100252","Dan"
884,"CU 0100252","Dan"
885,"CU 0100169","Dan"
886,"CU 0100169","Dan"
887,"CU 0102870","Dan"
888,"CU 0100770","Dan"
889,"CU 0100770","Dan"
890,"CU 0100550","Dan"
891,"CU 0100029","Dan"
892,"CU 0100565","Dan"
893,"CU 0100228","Dan"
894,"CU 0100228","Dan"
895,"CU 0100768","Dan"
896,"CU 0100768","Dan"
897,"CU 0100327","Dan"
898,"CU 0100327","Dan"
899,"CU 0100327","Dan"
900,"CU 0100470","Dan"
901,"CU 0100643","Dan"
902,"CU 0100273","Dan"
903,"CU 0100213","Dan"
904,"CU 0100562","Dan"
905,"CU 0100635","Dan"
906,"CU 0100918","Dan"
907,"CU 0100058","Dan"
908,"CU 0100134","Brian"
909,"CU 0100663","Brian"
910,"CU 0100094","Brian"
911,"CU 0100461","Brian"
912,"CU 0100337","Brian"
913,"CU 0100667","Brian"
914,"CU 0100780","Brian"
915,"CU 0100495","Brian"
916,"CU 0100637","Hoover"
917,"CU 0100721","Hoover"
918,"CU 0100391","Hoover"
919,"CU 0100584","Hoover"
920,"CU 0100269","Hoover"
921,"CU 0100705","Hoover"
922,"CU 0100366","Hoover"
923,"CU 0100685","Hoover"
924,"CU 0100092","Hoover"
925,"CU 0100083","Hoover"
926,"CU 0100142","Hoover"
927,"CU 0100392","Hoover"
928,"CU 0100392","Hoover"
929,"CU 0100233","Hoover"
930,"CU 0100325","Hoover"
931,"CU 0100240","Hoover"
932,"CU 0100240","Hoover"
933,"CU 0100240","Hoover"
934,"CU 0100240","Hoover"
935,"CU 0100240","Hoover"
936,"CU 0100688","Hoover"
937,"CU 0100660","Hoover"
938,"CU 0100769","Hoover"
939,"CU 0100141","Hoover"
940,"CU 0100641","Hoover"
941,"CU 0100677","Hoover"
942,"CU 0100140","Hoover"
943,"CU 0100304","Hoover"
944,"CU 0100588","Hoover"
945,"CU 0100330","Hoover"
946,"CU 0100402","Hoover"
948,"CU 0100516","Hoover"
949,"CU 0100629","Hoover"
950,"CU 0100442","Hoover"
951,"CU 0100497","Hoover"
952,"CU 0100271","Hoover"
953,"CU 0100386","Hoover"
954,"CU 0100540","Hoover"
955,"CU 0100139","Hoover"
956,"CU 0100854","Hoover"
957,"CU 0100854","Hoover"
958,"CU 0100349","Hoover"
959,"CU 0100413","Hoover"
960,"CU 0100526","Hoover"
961,"CU 0100665","Hoover"
962,"CU 0100853","Hoover"
963,"CU 0100684","Hoover"
964,"CU 0100707","Hoover"
965,"CU 0100178","Brian"
966,"CU 0100242","Brian"
967,"CU 0100544","Brian"
968,"CU 0100445","Brian"
969,"CU 0100306","Brian"
970,"CU 0100097","Brian"
971,"CU 0100241","Brian"
972,"CU 0100241","Brian"
973,"CU 0100244","Brian"
974,"CU 0100238","Brian"
975,"CU 0100583","Brian"
976,"CU 0100319","Brian"
977,"CU 0100183","Brian"
978,"CU 0100018","Brian"
979,"CU 0100691","Brian"
981,"CU 0100095","Brian"
982,"CU 0100493","Brian"
983,"CU 0100751","Brian"
984,"CU 0100408","Brian"
985,"CU 0100704","Brian"
986,"CU 0100137","Brian"
987,"CU 0100647","Brian"
988,"CU 0100647","Brian"
989,"CU 0100647","Brian"
990,"CU 0100647","Brian"
991,"CU 0100647","Brian"
992,"CU 0100783","Brian"
993,"CU 0100188","Brian"
994,"CU 0100712","Brian"
995,"CU 0100666","Brian"
996,"CU 0100731","Brian"
997,"CU 0100812","Brian"
998,"CU 0100605","Brian"
999,"CU 0100793","Brian"
1000,"CU 0100282","Brian"
1001,"CU 0100403","Nate"
1002,"CU 0100403","Nate"
1003,"CU 0100403","Nate"
1004,"CU 0100403","Nate"
1005,"CU 0100403","Nate"
1006,"CU 0100341","Nate"
1007,"CU 0100101","Nate"
1008,"CU 0100567","Nate"
1009,"CU 0100112","Nate"
1010,"CU 0100112","Nate"
1011,"CU 0100112","Nate"
1012,"CU 0100112","Nate"
1013,"CU 0100112","Nate"
1014,"CU 0100297","Nate"
1015,"CU 0100859","Nate"
1016,"CU 0100301","Nate"
1017,"CU 0100301","Nate"
1018,"CU 0100301","Nate"
1019,"CU 0100301","Nate"
1020,"CU 0100277","Nate"
1022,"CU 0100288","Nate"
1023,"CU 0100494","Nate"
1024,"CU 0100422","Nate"
1025,"CU 0100422","Nate"
1026,"CU 0100824","Nate"
1027,"CU 0100811","Nate"
1028,"CU 0100596","Nate"
1029,"CU 0100702","Nate"
1030,"CU 0100762","Nate"
1031,"CU 0100020","Nate"
1032,"CU 0100157","Nate"
1033,"CU 0100175","Nate"
1034,"CU 0100763","Nate"
1035,"CU 0100475","Nate"
1036,"CU 0100266","Nate"
1037,"CU 0100790","Dan"
1038,"CU 0100734","Dan"
1039,"CU 0100699","Dan"
1040,"CU 0100111","Dan"
1041,"CU 0100126","Dan"
1042,"CU 0100212","Dan"
1043,"CU 0100791","Dan"
1044,"CU 0100317","Dan"
1045,"CU 0100676","Dan"
1046,"CU 0100299","Dan"
1047,"CU 0100353","Dan"
1048,"CU 0100370","Dan"
1049,"CU 0100200","Dan"
1050,"CU 0100313","Dan"
1051,"CU 0100236","Dan"
1052,"CU 0100350","Dan"
1053,"CU 0100350","Dan"
1054,"CU 0100579","Dan"
1055,"CU 0100595","Dan"
1056,"CU 0100165","Dan"
1057,"CU 0100389","Dan"
1058,"CU 0100456","Dan"
1059,"CU 0100098","Dan"
1060,"CU 0100655","Dan"
1061,"CU 0100581","Dan"
1062,"CU 0100307","Dan"
1063,"CU 0100828","Dan"
1064,"CU 0100558","Dan"
1065,"CU 0100204","Dan"
1066,"CU 0100300","Dan"
1067,"CU 0100385","Dan"
1068,"CU 0100365","Dan"
1069,"CU 0102873","Dan"
1070,"CU 0100222","Dan"
1071,"CU 0100566","Dan"
1072,"CU 0100096","Travis"
1073,"CU 0100350","Travis"
1074,"CU 0100186","Travis"
1075,"CU 0100404","Travis"
1076,"CU 0100496","Travis"
1077,"CU 0100510","Travis"
1078,"CU 0100510","Travis"
1079,"CU 0100778","Travis"
1080,"CU 0100350","Travis"
1081,"CU 0100155","Travis"
1082,"CU 0100381","Travis"
1083,"CU 0100873","Travis"
1084,"CU 0100874","Travis"
1085,"CU 0100875","Travis"
1086,"CU 0100875","Travis"
1087,"CU 0100876","Travis"
1088,"CU 0100877","Travis"
1089,"CU 0100878","Travis"
1090,"CU 0100879","Travis"
1091,"CU 0100880","Travis"
1092,"CU 0100881","Travis"
1093,"CU 0100882","Travis"
1094,"CU 0100883","Travis"
1095,"CU 0100884","Travis"
1096,"CU 0100885","Travis"
1097,"CU 0100371","Travis"
1098,"CU 0100371","Travis"
1099,"CU 0100371","Travis"
1100,"CU 0100887","Travis"
1101,"CU 0100887","Travis"
1102,"CU 0100888","Travis"
1103,"CU 0100889","Travis"
1104,"CU 0100890","Travis"
1105,"CU 0100891","Travis"
1106,"CU 0100891","Travis"
1107,"CU 0100892","Randy"
1108,"CU 0100893","Randy"
1109,"CU 0100894","Randy"
1111,"CU 0100896","Randy"
1112,"CU 0100148","Randy"
1114,"CU 0100897","Randy"
1115,"CU 0100898","Randy"
1116,"CU 0100899","Randy"
1117,"CU 0100900","Randy"
1118,"CU 0100902","Randy"
1119,"CU 0100903","Randy"
1120,"CU 0100904","Randy"
1121,"CU 0100905","Randy"
1122,"CU 0100906","Randy"
1123,"CU 0100907","Randy"
1124,"CU 0100908","Randy"
1125,"CU 0100910","Randy"
1126,"CU 0100911","Randy"
1127,"CU 0100912","Randy"
1128,"CU 0100913","Randy"
1129,"CU 0100914","Randy"
1130,"CU 0100915","Randy"
1131,"CU 0100916","Randy"
1132,"CU 0100917","Randy"
1134,"CU 0100919","Randy"
1135,"CU 0100920","Randy"
1137,"CU 0100922","Randy"
1138,"CU 0100923","Randy"
1139,"CU 0100924","Randy"
1140,"CU 0100926","Randy"
1141,"CU 0100927","Randy"
1142,"CU 0100928","Randy"
1143,"CU 0100929","Randy"
1144,"CU 0100930","Randy"
1145,"CU 0100931","Brian"
1146,"CU 0100932","Brian"
1147,"CU 0100577","Brian"
1148,"CU 0100933","Brian"
1149,"CU 0100934","Brian"
1150,"CU 0100935","Brian"
1151,"CU 0100936","Brian"
1152,"CU 0100938","Brian"
1153,"CU 0100939","Brian"
1154,"CU 0100940","Brian"
1155,"CU 0100941","Brian"
1156,"CU 0100942","Brian"
1157,"CU 0100943","Brian"
1158,"CU 0100944","Brian"
1159,"CU 0100944","Brian"
1160,"CU 0100871","Brian"
1161,"CU 0100945","Brian"
1162,"CU 0100947","Brian"
1163,"CU 0100948","Brian"
1164,"CU 0100930","Brian"
1165,"CU 0100950","Brian"
1166,"CU 0100951","Brian"
1167,"CU 0100952","Brian"
1168,"CU 0100953","Brian"
1169,"CU 0100954","Brian"
1170,"CU 0100954","Brian"
1171,"CU 0100956","Brian"
1172,"CU 0100821","Brian"
1173,"CU 0100821","Brian"
1174,"CU 0100958","Brian"
1175,"CU 0100959","Brian"
1176,"CU 0100615","Brian"
1177,"CU 0100960","Brian"
1178,"CU 0100962","Brian"
1181,"CU 0100961","John"
1182,"CU 0100964","John"
1183,"CU 0100200","John"
1184,"CU 0100966","John"
1185,"CU 0100966","John"
1186,"CU 0100967","John"
1188,"CU 0100969","John"
1189,"CU 0100970","John"
1190,"CU 0100971","John"
1191,"CU 0100971","John"
1192,"CU 0100972","John"
1193,"CU 0100973","John"
1194,"CU 0100974","John"
1195,"CU 0100974","John"
1196,"CU 0100975","John"
1197,"CU 0100976","John"
1199,"CU 0100978","John"
1200,"CU 0100979","John"
1201,"CU 0100872","John"
1202,"CU 0100980","John"
1203,"CU 0100981","John"
1204,"CU 0100982","John"
1205,"CU 0100983","John"
1206,"CU 0100984","John"
1207,"CU 0100984","John"
1209,"CU 0100986","John"
1210,"CU 0100987","John"
1211,"CU 0100987","John"
1212,"CU 0100989","John"
1213,"CU 0100989","John"
1214,"CU 0100989","John"
1215,"CU 0100990","John"
1216,"CU 0100991","John"
1217,"CU 0100992","John"
1219,"CU 0100994","Hoover"
1220,"CU 0100995","Hoover"
1221,"CU 0100996","Hoover"
1222,"CU 0100997","Hoover"
1223,"CU 0100998","Hoover"
1224,"CU 0100999","Hoover"
1225,"CU 0101000","Hoover"
1226,"CU 0101001","Hoover"
1227,"CU 0101002","Hoover"
1229,"CU 0101004","Hoover"
1230,"CU 0101005","Hoover"
1231,"CU 0101006","Hoover"
1232,"CU 0101007","Hoover"
1233,"CU 0101008","Hoover"
1234,"CU 0101009","Hoover"
1235,"CU 0100830","Hoover"
1236,"CU 0101010","Hoover"
1237,"CU 0101011","Hoover"
1238,"CU 0101012","Hoover"
1239,"CU 0101013","Hoover"
1240,"CU 0101014","Hoover"
1241,"CU 0101014","Hoover"
1242,"CU 0101015","Hoover"
1243,"CU 0101016","Hoover"
1244,"CU 0101017","Hoover"
1245,"CU 0101018","Hoover"
1246,"CU 0101019","Hoover"
1247,"CU 0101020","Hoover"
1248,"CU 0100567","Hoover"
1249,"CU 0101021","Hoover"
1251,"CU 0101023","Travis"
1252,"CU 0101024","Travis"
1253,"CU 0101025","Travis"
1254,"CU 0101025","Travis"
1255,"CU 0101026","Travis"
1256,"CU 0101027","Travis"
1257,"CU 0101028","Travis"
1258,"CU 0101028","Travis"
1259,"CU 0101028","Travis"
1260,"CU 0101028","Travis"
1261,"CU 0101028","Travis"
1262,"CU 0101029","Travis"
1263,"CU 0101030","Travis"
1264,"CU 0101030","Travis"
1265,"CU 0101031","Travis"
1266,"CU 0101032","Travis"
1267,"CU 0101033","Travis"
1268,"CU 0101034","Travis"
1269,"CU 0101034","Travis"
1270,"CU 0101035","Travis"
1271,"CU 0101036","Travis"
1272,"CU 0101037","Travis"
1273,"CU 0101038","Travis"
1274,"CU 0101039","Travis"
1275,"CU 0101040","Nate"
1276,"CU 0101041","Nate"
1277,"CU 0101042","Nate"
1278,"CU 0101043","Nate"
1279,"CU 0101043","Nate"
1280,"CU 0101044","Nate"
1281,"CU 0100760","Nate"
1282,"CU 0101045","Nate"
1283,"CU 0101046","Nate"
1284,"CU 0101047","Nate"
1285,"CU 0101048","Nate"
1286,"CU 0101049","Nate"
1287,"CU 0101050","Nate"
1289,"CU 0101052","Nate"
1290,"CU 0101053","Nate"
1291,"CU 0101054","Nate"
1292,"CU 0101055","Nate"
1293,"CU 0101056","Nate"
1294,"CU 0101057","Nate"
1295,"CU 0100650","Nate"
1296,"CU 0100955","Nate"
1297,"CU 0101058","Nate"
1298,"CU 0101059","Nate"
1299,"CU 0101060","Nate"
1300,"CU 0101061","Nate"
1301,"CU 0101062","Dan"
1302,"CU 0101063","Dan"
1303,"CU 0100034","Dan"
1304,"CU 0101065","Dan"
1305,"CU 0101066","Dan"
1306,"CU 0101067","Dan"
1307,"CU 0101068","Dan"
1308,"CU 0101069","Dan"
1309,"CU 0101070","Dan"
1310,"CU 0101072","Dan"
1311,"CU 0101073","Dan"
1313,"CU 0101075","Dan"
1314,"CU 0101077","Dan"
1315,"CU 0101078","Dan"
1316,"CU 0101079","Dan"
1317,"CU 0101080","Dan"
1318,"CU 0101081","Dan"
1319,"CU 0101082","Dan"
1320,"CU 0101083","Dan"
1321,"CU 0101084","Dan"
1322,"CU 0101085","Dan"
1323,"CU 0100309","Dan"
1324,"CU 0101086","Dan"
1325,"CU 0101088","Dan"
1326,"CU 0101089","Dan"
1327,"CU 0101090","Randy"
1328,"CU 0101091","Randy"
1329,"CU 0101092","Randy"
1330,"CU 0101093","Randy"
1331,"CU 0101094","Randy"
1332,"CU 0101095","Randy"
1333,"CU 0101096","Randy"
1334,"CU 0101097","Randy"
1335,"CU 0101098","Randy"
1336,"CU 0101099","Randy"
1337,"CU 0101098","Randy"
1338,"CU 0101100","Randy"
1339,"CU 0100334","Randy"
1340,"CU 0101101","Randy"
1341,"CU 0101102","Randy"
1342,"CU 0101102","Randy"
1343,"CU 0101102","Randy"
1344,"CU 0101103","Randy"
1345,"CU 0101104","Randy"
1346,"CU 0101105","Randy"
1347,"CU 0101106","Randy"
1348,"CU 0101107","Randy"
1349,"CU 0101108","Randy"
1350,"CU 0101110","Randy"
1351,"CU 0101111","Randy"
1352,"CU 0101112","Justin"
1353,"CU 0101113","Justin"
1354,"CU 0101114","Justin"
1355,"CU 0101115","Justin"
1356,"CU 0101116","Justin"
1357,"CU 0101116","Justin"
1358,"CU 0101116","Justin"
1359,"CU 0101117","Justin"
1360,"CU 0101118","Justin"
1361,"CU 0101119","Justin"
1362,"CU 0100888","Justin"
1363,"CU 0101121","Justin"
1364,"CU 0101121","Justin"
1366,"CU 0101123","Justin"
1367,"CU 0101124","Justin"
1368,"CU 0100586","Justin"
1369,"CU 0101125","Justin"
1370,"CU 0101126","Justin"
1371,"CU 0101126","Justin"
1372,"CU 0101127","Justin"
1373,"CU 0101128","Justin"
1374,"CU 0101128","Justin"
1375,"CU 0101129","Justin"
1376,"CU 0101130","Justin"
1377,"CU 0101131","Brian"
1378,"CU 0101131","Brian"
1379,"CU 0101132","Brian"
1380,"CU 0101134","Brian"
1382,"CU 0101135","Brian"
1384,"CU 0101136","Brian"
1385,"CU 0101137","Brian"
1386,"CU 0101138","Brian"
1387,"CU 0101139","Brian"
1388,"CU 0101140","Brian"
1389,"CU 0101141","Brian"
1390,"CU 0101142","Brian"
1391,"CU 0101143","Brian"
1392,"CU 0100362","Brian"
1393,"CU 0101144","Brian"
1394,"CU 0101145","Brian"
1395,"CU 0101146","Brian"
1396,"CU 0101147","Brian"
1397,"CU 0101148","Brian"
1398,"CU 0101149","Brian"
1399,"CU 0101150","Brian"
1400,"CU 0101150","Brian"
1401,"CU 0101151","Brian"
1402,"CU 0100686","Brian"
1403,"CU 0101152","Brian"
1404,"CU 0101153","Hoover"
1405,"CU 0101154","Hoover"
1406,"CU 0101154","Hoover"
1407,"CU 0101155","Hoover"
1408,"CU 0101156","Hoover"
1408,"CU 0102555","Hoover"
1409,"CU 0100680","Hoover"
1410,"CU 0101157","Hoover"
1411,"CU 0101158","Hoover"
1412,"CU 0101159","Hoover"
1413,"CU 0101158","Hoover"
1415,"CU 0101160","Hoover"
1416,"CU 0101161","Hoover"
1417,"CU 0101161","Hoover"
1418,"CU 0101162","Hoover"
1419,"CU 0101164","Hoover"
1420,"CU 0101165","Hoover"
1421,"CU 0101166","Hoover"
1422,"CU 0101167","Hoover"
1423,"CU 0101168","Hoover"
1424,"CU 0101168","Hoover"
1425,"CU 0101168","Hoover"
1426,"CU 0101168","Hoover"
1427,"CU 0101168","Hoover"
1428,"CU 0101168","Hoover"
1429,"CU 0101168","Hoover"
1430,"CU 0101168","Hoover"
1431,"CU 0101168","Hoover"
1432,"CU 0101168","Hoover"
1433,"CU 0101169","John"
1434,"CU 0101170","John"
1435,"CU 0101171","John"
1436,"CU 0101172","John"
1437,"CU 0101173","John"
1438,"CU 0101174","John"
1439,"CU 0101175","John"
1440,"CU 0101176","John"
1441,"CU 0101177","John"
1442,"CU 0101178","John"
1443,"CU 0101179","John"
1444,"CU 0101180","John"
1445,"CU 0101181","John"
1446,"CU 0101182","John"
1447,"CU 0101183","John"
1448,"CU 0101184","John"
1449,"CU 0101185","John"
1450,"CU 0101186","John"
1451,"CU 0101187","John"
1452,"CU 0101188","John"
1453,"CU 0101189","John"
1454,"CU 0101190","John"
1455,"CU 0100558","Polo"
1456,"CU 0101191","Polo"
1457,"CU 0101192","Polo"
1459,"CU 0101194","Polo"
1460,"CU 0101195","Polo"
1461,"CU 0101197","Polo"
1462,"CU 0101198","Polo"
1463,"CU 0101148","Polo"
1464,"CU 0101148","Polo"
1465,"CU 0101199","Polo"
1466,"CU 0101199","Polo"
1467,"CU 0101200","Polo"
1468,"CU 0101200","Polo"
1469,"CU 0101200","Polo"
1470,"CU 0101200","Polo"
1471,"CU 0101200","Polo"
1472,"CU 0101200","Polo"
1473,"CU 0101201","Polo"
1475,"CU 0101203","Polo"
1476,"CU 0101203","Polo"
1477,"CU 0100863","Polo"
1501,"CU 0101417","Travis"
1502,"CU 0101433","Travis"
1503,"CU 0101457","Travis"
1504,"CU 0101464","Travis"
1505,"CU 0101426","Travis"
1506,"CU 0101424","Travis"
1507,"CU 0101416","Travis"
1508,"CU 0101416","Travis"
1509,"CU 0100153","Travis"
1510,"CU 0102838","Travis"
1511,"CU 0101206","Travis"
1512,"CU 0101439","Travis"
1513,"CU 0100753","Travis"
1514,"CU 0100753","Travis"
1515,"CU 0101440","Travis"
1516,"CU 0101420","Travis"
1517,"CU 0101209","Travis"
1518,"CU 0101209","Travis"
1519,"CU 0101432","Travis"
1520,"CU 0101210","Travis"
1521,"CU 0101210","Travis"
1522,"CU 0101210","Travis"
1523,"CU 0101211","Travis"
1524,"CU 0100153","Travis"
1525,"CU 0101207","Travis"
1526,"CU 0101458","Travis"
1527,"CU 0101213","Nate"
1528,"CU 0101213","Nate"
1529,"CU 0101213","Nate"
1532,"CU 0100414","Nate"
1533,"CU 0100414","Nate"
1534,"CU 0100414","Nate"
1535,"CU 0100414","Nate"
1536,"CU 0101212","Nate"
1537,"CU 0100153","Nate"
1538,"CU 0100193","Nate"
1539,"CU 0101216","Nate"
1540,"CU 0101427","Nate"
1542,"CU 0101220","Nate"
1543,"CU 0101219","Nate"
1544,"CU 0101221","Nate"
1545,"CU 0101222","Nate"
1546,"CU 0101223","Nate"
1547,"CU 0101223","Nate"
1548,"CU 0101224","Nate"
1549,"CU 0101225","Nate"
1550,"CU 0101421","Nate"
1551,"CU 0101226","Nate"
1552,"CU 0101227","Nate"
1553,"CU 0101227","Nate"
1554,"CU 0101227","Nate"
1555,"CU 0101227","Nate"
1556,"CU 0101228","Nate"
1557,"CU 0101228","Nate"
1558,"CU 0101228","Nate"
1559,"CU 0100749","Dan"
1560,"CU 0100749","Dan"
1561,"CU 0101231","Dan"
1562,"CU 0101437","Dan"
1563,"CU 0101232","Dan"
1565,"CU 0101428","Dan"
1566,"CU 0101475","Dan"
1567,"CU 0101233","Dan"
1568,"CU 0101234","Dan"
1569,"CU 0101235","Dan"
1570,"CU 0101423","Dan"
1571,"CU 0101236","Dan"
1572,"CU 0101238","Dan"
1573,"CU 0101239","Dan"
1574,"CU 0101286","Dan"
1576,"CU 0101270","Dan"
1577,"CU 0101270","Dan"
1578,"CU 0101270","Dan"
1579,"CU 0101270","Dan"
1580,"CU 0101242","Dan"
1581,"CU 0101243","Dan"
1582,"CU 0101244","Dan"
1583,"CU 0101245","Dan"
1584,"CU 0101248","Dan"
1585,"CU 0101246","Dan"
1586,"CU 0101250","Dan"
1587,"CU 0101252","Dan"
1588,"CU 0101251","Dan"
1589,"CU 0101264","Hoover"
1590,"CU 0101253","Hoover"
1591,"CU 0101254","Hoover"
1592,"CU 0101229","Hoover"
1593,"CU 0100753","Hoover"
1594,"CU 0100753","Hoover"
1595,"CU 0100753","Hoover"
1600,"CU 0101264","Hoover"
1601,"CU 0101263","Hoover"
1602,"CU 0101477","Hoover"
1603,"CU 0101478","Hoover"
1604,"CU 0101294","Hoover"
1605,"CU 0101277","Hoover"
1606,"CU 0101218","Hoover"
1607,"CU 0101262","Hoover"
1608,"CU 0101272","Hoover"
1609,"CU 0101272","Hoover"
1610,"CU 0101273","Hoover"
1611,"CU 0101273","Hoover"
1612,"CU 0101276","Hoover"
1613,"CU 0101278","Hoover"
1614,"CU 0101279","Hoover"
1615,"CU 0101280","Hoover"
1616,"CU 0101281","Hoover"
1617,"CU 0101282","Hoover"
1618,"CU 0101282","Hoover"
1619,"CU 0101271","John"
1620,"CU 0101284","John"
1621,"CU 0101285","John"
1622,"CU 0101287","John"
1623,"CU 0101288","John"
1624,"CU 0101289","John"
1625,"CU 0101290","John"
1626,"CU 0101291","John"
1627,"CU 0101292","John"
1628,"CU 0101293","John"
1629,"CU 0100082","John"
1630,"CU 0100082","John"
1635,"CU 0101267","John"
1636,"CU 0100789","John"
1637,"CU 0101295","John"
1638,"CU 0101295","John"
1639,"CU 0101296","John"
1640,"CU 0100248","John"
1641,"CU 0101298","John"
1643,"CU 0101230","John"
1644,"CU 0101300","John"
1645,"CU 0101240","John"
1646,"CU 0101266","John"
1647,"CU 0101304","John"
1648,"CU 0101304","John"
1649,"CU 0101260","John"
1650,"CU 0100030","Brian"
1661,"CU 0101269","Brian"
1662,"CU 0101305","Brian"
1663,"CU 0101306","Brian"
1664,"CU 0101307","Brian"
1665,"CU 0101309","Brian"
1666,"CU 0101310","Brian"
1667,"CU 0101311","Brian"
1668,"CU 0101312","Brian"
1669,"CU 0101313","Brian"
1670,"CU 0101315","Brian"
1672,"CU 0101314","Brian"
1673,"CU 0101317","Brian"
1674,"CU 0101314","Brian"
1675,"CU 0101318","Brian"
1676,"CU 0101319","Brian"
1677,"CU 0101308","Brian"
1678,"CU 0101301","Brian"
1679,"CU 0101321","Brian"
1680,"CU 0100497","Brian"
1681,"CU 0101322","Brian"
1682,"CU 0101316","Brian"
1683,"CU 0101320","Brian"
1684,"CU 0101323","Brian"
1685,"CU 0101323","Brian"
1686,"CU 0102320","Randy"
1687,"CU 0101324","Randy"
1688,"CU 0102321","Randy"
1689,"CU 0101325","Randy"
1690,"CU 0101326","Randy"
1691,"CU 0101327","Randy"
1692,"CU 0101328","Randy"
1693,"CU 0101329","Randy"
1694,"CU 0101330","Randy"
1695,"CU 0101331","Randy"
1696,"CU 0101333","Randy"
1697,"CU 0101332","Randy"
1698,"CU 0101299","Randy"
1700,"CU 0101334","Randy"
1701,"CU 0101335","Randy"
1702,"CU 0101336","Randy"
1703,"CU 0101337","Randy"
1704,"CU 0101265","Randy"
1705,"CU 0101339","Randy"
1706,"CU 0101341","Randy"
1707,"CU 0101342","Randy"
1708,"CU 0101497","Randy"
1709,"CU 0101497","Randy"
1710,"CU 0101497","Randy"
1711,"CU 0101497","Randy"
1712,"CU 0101497","Randy"
1713,"CU 0101497","Randy"
1714,"CU 0101497","Randy"
1715,"CU 0101497","Randy"
